<?xml version="1.0" encoding="UTF-8"?>
<addon id="skin.estuary.kamui.18" version="1.0.1" name="Estuary Kamui" provider-name="phil65, Ichabod Fletchman, Obito">	<requires>
		<import addon="xbmc.gui" version="5.14.0"/>
		<import addon="plugin.program.kamuiwidgets" />
	</requires>
	<extension point="xbmc.gui.skin" debugging="false">
		<res width="1920" height="1440" aspect="4:3" default="false" folder="xml" />
		<res width="1920" height="1280" aspect="3:2" default="false" folder="xml" />
		<res width="1920" height="1200" aspect="16:10" default="false" folder="xml" />
		<res width="2040" height="1080" aspect="17:9" default="false" folder="xml" />
		<res width="1920" height="1080" aspect="16:9" default="true" folder="xml" />
		<res width="2560" height="1080" aspect="21:9" default="false" folder="xml" />
		<res width="2338" height="1080" aspect="19.5:9" default="false" folder="xml" />
		<res width="2160" height="1080" aspect="18:9" default="false" folder="xml" />
	</extension>
	<extension point="xbmc.addon.metadata">
		<summary lang="en_GB">Estuary skin (Kamui Mod)</summary>
		<summary lang="en_NZ">Estuary skin (Kamui Mod)</summary>
		<summary lang="en_US">Estuary skin (Kamui Mod)</summary>
		<description lang="en_GB">Estuary is the default skin for Kodi 17.0 and above. It attempts to be easy for first time Kodi users to understand and use.</description>
		<description lang="en_NZ">Estuary is the default skin for Kodi 17.0 and above. It attempts to be easy for first time Kodi users to understand and use.</description>
		<description lang="en_US">Estuary is the default skin for Kodi 17.0 and above. It attempts to be easy for first time Kodi users to understand and use.</description>
		<disclaimer lang="en_GB">Estuary is the default skin for Kodi, removing it may cause issues</disclaimer>
		<disclaimer lang="en_NZ">Estuary is the default skin for Kodi, removing it may cause issues</disclaimer>
		<disclaimer lang="en_US">Estuary is the default skin for Kodi, removing it may cause issues</disclaimer>
		<platform>all</platform>
		<license>CC BY-SA 4.0, GNU GENERAL PUBLIC LICENSE Version 2.0</license>
		<forum>Random</forum>
		<source>https://github.com/ObitoKodi/kamuirepo/skin.estuary.kamui/</source>
		<assets>
			<icon>resources/icon.png</icon>
			<fanart>resources/fanart.jpg</fanart>
			<screenshot>resources/screenshot-01.jpg</screenshot>
			<screenshot>resources/screenshot-02.jpg</screenshot>
			<screenshot>resources/screenshot-03.jpg</screenshot>
			<screenshot>resources/screenshot-04.jpg</screenshot>
			<screenshot>resources/screenshot-05.jpg</screenshot>
			<screenshot>resources/screenshot-06.jpg</screenshot>
			<screenshot>resources/screenshot-07.jpg</screenshot>
			<screenshot>resources/screenshot-08.jpg</screenshot>
		</assets>
	</extension>
</addon>
