<?xml version="1.0" encoding="UTF-8" standalone="yes"?>
<addon id="repository.kamui" name="[COLOR red]Kamui[/COLOR][COLOR white] Repo[/COLOR]" version="1.0.2" provider-name="Obito">
    <extension point="xbmc.addon.repository" name="Kamui Repository">
	<dir>
        <info compressed="false">https://raw.githubusercontent.com/ObitoKodi/kamuirepo/master/addons.xml</info>
        <checksum>https://raw.githubusercontent.com/ObitoKodi/kamuirepo/master/addons.xml.md5</checksum>
        <datadir zip="true">https://github.com/ObitoKodi/kamuirepo/raw/master/</datadir>
	</dir>
    <dir>
		<info compressed="false">https://raw.githubusercontent.com/jsergio123/zips/master/addons.xml</info>
		<checksum>https://raw.githubusercontent.com/jsergio123/zips/master/addons.xml.md5</checksum>
		<datadir zip="true">https://raw.githubusercontent.com/jsergio123/zips/master/</datadir>
	</dir>
	<dir>
        <info compressed="false">https://raw.githubusercontent.com/I-A-C/zips/master/addons.xml</info>
        <checksum>https://raw.githubusercontent.com/I-A-C/zips/master/addons.xml.md5</checksum>
        <datadir zip="true">https://raw.githubusercontent.com/I-A-C/zips/master/</datadir>
	</dir>
    </extension>
    <extension point="xbmc.addon.metadata">
        <summary>http://kamui.online/ This is Hell</summary>
        <description>Kamui Pack Repo</description>
        <platform>all</platform>
    </extension>
</addon>
