<xml>
  <dir>
    <name>Trakt</name>
    <link>file://main/trakt.xml</link>
    <thumbnail>special://home/addons/plugin.program.kamuitools/resources/art/traktlogo.png</thumbnail>
    <summary></summary>
  </dir>
  
  <dir>
    <name>Real Debrid</name>
    <link>file://main/debrid.xml</link>
    <thumbnail>special://home/addons/plugin.program.kamuitools/resources/art/rdlogo.png</thumbnail>
    <summary></summary>
  </dir>
  
  <dir>
    <name>Logins</name>
    <link>file://main/login.xml</link>
    <thumbnail>special://home/addons/plugin.program.kamuitools/resources/art/twitchlogo.png</thumbnail>
    <summary></summary>
  </dir>

</xml>
