<xml>
  <dir>
    <name>Kamui Wizard</name>
    <link>plugin://plugin.program.kamuiwizard</link>
    <thumbnail>special://home/addons/plugin.program.kamuiwizard/icon.png</thumbnail>
    <summary></summary>
  </dir>
  
  <dir>
    <name>Update</name>
    <link>plugin://plugin.program.kamuiwizard/?mode=install&amp;name=Krypton+Build&amp;url=normal</link>
    <thumbnail>special://home/addons/plugin.program.kamuiwizard/resources/art/update.png</thumbnail>
    <summary></summary>
  </dir>
  
  <dir>
    <name>Primewire Proxy</name>
    <link>plugin://plugin.video.kamuiunblock/?url=https%3A%2F%2Fwww.dropbox.com%2Fs%2Flhigmh02elo4yi6%2Funblock.zip%3Fdl%3D1&amp;mode=5&amp;name=PRIMEWIRE+UNBLOCK</link>
    <thumbnail>special://home/addons/plugin.program.kamuiwizard/resources/art/proxy.png</thumbnail>
    <summary></summary>
  </dir>
  
  <dir>
    <name>Fix Buffering</name>
    <link>plugin://plugin.program.kamuiwizard/?mode=autoadvanced</link>
    <thumbnail>special://home/addons/plugin.program.kamuiwizard/resources/art/buffer.png</thumbnail>
    <summary></summary>
  </dir>

<dir>
    <name>Fix Skin</name>
    <link>plugin://plugin.program.kamuiwizard/?mode=theme&amp;name=Krypton+Build</link>
    <thumbnail>special://home/addons/plugin.program.kamuiwizard/resources/art/skin.png</thumbnail>
    <summary></summary>
  </dir>
  
  <dir>
    <name>Fresh Start</name>
    <link>plugin://plugin.program.kamuiwizard/?mode=freshstart</link>
    <thumbnail>special://home/addons/plugin.program.kamuiwizard/resources/art/fresh.png</thumbnail>
    <summary></summary>
  </dir>

</xml>
