<xml>
  <dir>
    <name>Kamui Wizard</name>
    <link>plugin://plugin.program.kamuiwizard</link>
    <thumbnail>special://home/addons/plugin.program.kamuiwizard/icon.png</thumbnail>
    <summary>Kamui Wizard</summary>
  </dir>
  
  <dir>
    <name>Fix Buffering</name>
    <link>plugin://plugin.program.kamuiwizard/?mode=autoadvanced</link>
    <thumbnail>special://home/addons/plugin.program.kamuiwizard/resources/art/buffer.png</thumbnail>
    <summary>Fix Buffering</summary>
  </dir>
  
  <dir>
    <name>Install Theme</name>
    <link>plugin://plugin.program.kamuiwizard/?mode=theme&amp;name=Krypton+Build</link>
    <thumbnail>special://home/addons/plugin.program.kamuiwizard/resources/art/skin.png</thumbnail>
    <summary>Fix Skin</summary>
  </dir>
  
  <dir>
    <name>Fresh Start</name>
    <link>plugin://plugin.program.kamuiwizard/?mode=freshstart</link>
    <thumbnail>special://home/addons/plugin.program.kamuiwizard/resources/art/fresh.png</thumbnail>
    <summary>Fresh Start</summary>
  </dir>

  <dir>
    <name>Real Debrid</name>
    <link>plugin://plugin.program.kamuitools/?mode=get_list&amp;name=Real%20Debrid&amp;url=file%3a%2f%2fmain%2fdebrid.xml</link>
    <thumbnail>special://home/addons/plugin.program.kamuitools/resources/art/rdlogo.png</thumbnail>
    <summary>Real Debrid</summary>
  </dir>
  
  <dir>
    <name>Trakt</name>
    <link>plugin://plugin.program.kamuitools/?mode=get_list&amp;name=Trakt&amp;url=file%3a%2f%2fmain%2ftrakt.xml</link>
    <thumbnail>special://home/addons/plugin.program.kamuitools/resources/art/traktlogo.png</thumbnail>
    <summary>Trakt</summary>
  </dir>

</xml>
