<?xml version="1.0" encoding="UTF-8" standalone="yes"?>
<addon id="repository.magicality" name="Magicality Repo" version="0.0.1" provider-name="Wilson Magic">
	<extension point="xbmc.addon.repository" name="Magicality Repo">
		<dir>
			<info compressed="false">https://raw.githubusercontent.com/jsergio123/zips/master/addons.xml</info>
			<checksum>https://raw.githubusercontent.com/jsergio123/zips/master/addons.xml.md5</checksum>
			<datadir zip="true">https://raw.githubusercontent.com/jsergio123/zips/master/</datadir>
		</dir>
		<info compressed="false">https://raw.githubusercontent.com/WilsonMagic/repository.magicality/master/zips/addons.xml</info>
		<checksum>https://raw.githubusercontent.com/WilsonMagic/repository.magicality/master/zips/addons.xml.md5</checksum>
		<datadir zip="true">https://raw.githubusercontent.com/WilsonMagic/repository.magicality/master/zips</datadir>
	</extension>
	<extension point="xbmc.addon.metadata">
		<summary>Magicality</summary>
		<description>Magicality - Home of Masterani Redux</description>
		<disclaimer></disclaimer>
		<platform>all</platform>
	</extension>
</addon>