<?xml version="1.0" encoding="UTF-8" standalone="yes"?>
<addon id="repository.lambdascrapers" name="Lambdascrapers Repo" version="0.0.2" provider-name="I-A-C">
	<extension point="xbmc.addon.repository" name="Lambdascrapers Repo">
		<info compressed="false">https://raw.githubusercontent.com/I-A-C/LambdaScrapers/master/zips/addons.xml</info>
		<checksum>https://raw.githubusercontent.com/I-A-C/LambdaScrapers/master/zips/addons.xml.md5</checksum>
		<datadir zip="true">https://raw.githubusercontent.com/I-A-C/LambdaScrapers/master/zips/</datadir>
	</extension>
	<extension point="xbmc.addon.metadata">
		<summary>Lambdascrapers</summary>
		<description>Lambdascrapers</description>
		<disclaimer></disclaimer>
		<platform>all</platform>
	</extension>
</addon>
