<?xml version="1.0" encoding="UTF-8"?>
<window>
	<defaultcontrol always="true">95</defaultcontrol>
	<controls>
		<include>DefaultBackground</include>
		<control type="multiimage">
			<depth>DepthBackground</depth>
			<include>FullScreenDimensions</include>
			<aspectratio>scale</aspectratio>
			<fadetime>600</fadetime>
			<imagepath background="true" colordiffuse="bg_overlay">$INFO[Skin.String(HomeFanart.path)]settings$INFO[Skin.String(HomeFanart.ext)]</imagepath>
			<visible>!Player.HasMedia + !String.IsEmpty(Skin.String(HomeFanart.path))</visible>
		</control>
		<control type="group">
			<left>60</left>
			<top>70</top>
			<include>OpenClose_Right</include>
			<control type="grouplist">
				<left>430</left>
				<top>105</top>
				<height>550</height>
				<orientation>vertical</orientation>
				<control type="label" id="2">
					<height>47</height>
					<width>1370</width>
					<font>Mono30</font>
				</control>
				<control type="label" id="3">
					<height>47</height>
					<width>1370</width>
					<font>Mono30</font>
				</control>
				<control type="label" id="4">
					<height>47</height>
					<width>1370</width>
					<font>Mono30</font>
				</control>
				<control type="label" id="5">
					<height>47</height>
					<width>1370</width>
					<font>Mono30</font>
				</control>
				<control type="label" id="6">
					<height>47</height>
					<width>1370</width>
					<font>Mono30</font>
				</control>
				<control type="label" id="7">
					<height>47</height>
					<width>1370</width>
					<font>Mono30</font>
				</control>
				<control type="label" id="8">
					<height>47</height>
					<width>1370</width>
					<font>Mono30</font>
				</control>
				<control type="label" id="9">
					<height>47</height>
					<width>1370</width>
					<font>Mono30</font>
				</control>
				<control type="label" id="10">
					<height>47</height>
					<width>1370</width>
					<font>Mono30</font>
				</control>
				<control type="label" id="11">
					<height>47</height>
					<width>1370</width>
					<font>Mono30</font>
				</control>
				<control type="label" id="12">
					<height>47</height>
					<width>1370</width>
					<font>Mono30</font>
				</control>
			</control>
			<control type="textbox" id="30">
				<left>430</left>
				<right>50</right>
				<top>100</top>
				<bottom>315</bottom>
				<pagecontrol>60</pagecontrol>
				<autoscroll delay="5000" repeat="7500" time="5000">!Control.HasFocus(60)</autoscroll>
			</control>
			<control type="scrollbar" id="60">
				<right>0</right>
				<top>93</top>
				<width>12</width>
				<bottom>312</bottom>
				<orientation>vertical</orientation>
				<texturesliderbackground />
				<onleft>9000</onleft>
				<onright>9000</onright>
				<visible>Control.IsVisible(30)</visible>
			</control>
			<control type="image">
				<left>360</left>
				<top>90</top>
				<right>0</right>
				<height>3</height>
				<texture colordiffuse="button_focus" border="2">dialogs/separator-grey.png</texture>
			</control>
			<control type="group">
				<bottom>0</bottom>
				<height>330</height>
				<control type="image">
					<left>360</left>
					<top>20</top>
					<right>0</right>
					<height>3</height>
					<texture colordiffuse="button_focus" border="2">dialogs/separator-grey.png</texture>
				</control>
				<control type="grouplist">
					<left>430</left>
					<orientation>vertical</orientation>
					<control type="label">
						<description>CPU Text</description>
						<width>730</width>
						<height>80</height>
						<label>$LOCALIZE[13271] $INFO[System.CPUUsage]</label>
						<aligny>top</aligny>
						<textoffsety>40</textoffsety>
						<shadowcolor>black</shadowcolor>
						<font>font27</font>
					</control>
					<control type="progress">
						<description>CPU BAR</description>
						<width>730</width>
						<height>16</height>
						<info>System.CPUUsage</info>
					</control>
					<control type="label">
						<description>Memory Text</description>
						<width>730</width>
						<height>40</height>
						<label>$LOCALIZE[31030]: $INFO[system.memory(used)] [B]/[/B] $INFO[system.memory(total)] [B]-[/B] $INFO[system.memory(used.percent)]</label>
						<aligny>center</aligny>
						<shadowcolor>black</shadowcolor>
						<font>font27</font>
					</control>
					<control type="progress">
						<description>Memory BAR</description>
						<width>730</width>
						<height>16</height>
						<info>system.memory(used)</info>
					</control>
				</control>
				<control type="label">
					<top>34</top>
					<left>1210</left>
					<width>auto</width>
					<height>50</height>
					<aligny>bottom</aligny>
					<textoffsety>10</textoffsety>
					<label>$LOCALIZE[31031]:</label>
					<shadowcolor>black</shadowcolor>
					<font>font25_title</font>
				</control>
				<control type="grouplist">
					<description>Kodi build version</description>
					<itemgap>10</itemgap>
					<top>80</top>
					<left>1210</left>
					<width>800</width>
					<height>45</height>
					<orientation>horizontal</orientation>
					<control type="label">
						<description>Build label</description>
						<width>auto</width>
						<height>50</height>
						<aligny>bottom</aligny>
						<font>font12</font>
						<textoffsety>10</textoffsety>
						<label>$LOCALIZE[144]</label>
						<shadowcolor>black</shadowcolor>
					</control>
					<control type="label" id="52">
						<description>Kodi Build Version</description>
						<height>50</height>
						<aligny>bottom</aligny>
						<textoffsety>10</textoffsety>
						<font>font12</font>
						<width>auto</width>
						<textcolor>button_focus</textcolor>
						<shadowcolor>black</shadowcolor>
					</control>
				</control>
				<control type="grouplist">
					<description>Build date</description>
					<itemgap>10</itemgap>
					<top>125</top>
					<left>1210</left>
					<width>800</width>
					<orientation>horizontal</orientation>
					<control type="label">
						<description>kodi Compiled Text</description>
						<width>auto</width>
						<height>25</height>
						<label>$LOCALIZE[174]</label>
						<font>font12</font>
						<shadowcolor>black</shadowcolor>
					</control>
					<control type="label" id="53">
						<description>Kodi Build Date</description>
						<width>auto</width>
						<font>font12</font>
						<textcolor>button_focus</textcolor>
						<shadowcolor>black</shadowcolor>
					</control>
				</control>
			</control>
		</control>
		<control type="group">
			<left>0</left>
			<top>0</top>
			<depth>DepthContentPanel</depth>
			<include>OpenClose_Left</include>
			<include content="ContentPanel">
				<param name="width" value="480" />
			</include>
			<control type="grouplist" id="9000">
				<left>0</left>
				<top>160</top>
				<width>420</width>
				<height>100%</height>
				<onup>9000</onup>
				<ondown>9000</ondown>
				<onright>60</onright>
				<control type="button" id="95">
					<description>Button Summary Values</description>
					<include content="DefaultSettingButton">
						<param name="height" value="88" />
					</include>
					<width>420</width>
					<label>$LOCALIZE[20037]</label>
				</control>
				<control type="button" id="94">
					<description>Button Storage</description>
					<include content="DefaultSettingButton">
						<param name="height" value="88" />
					</include>
					<width>420</width>
					<label>$LOCALIZE[13277]</label>
				</control>
				<control type="button" id="96">
					<description>Button Network</description>
					<include content="DefaultSettingButton">
						<param name="height" value="88" />
					</include>
					<width>420</width>
					<label>$LOCALIZE[13279]</label>
				</control>
				<control type="button" id="97">
					<description>Button Video</description>
					<include content="DefaultSettingButton">
						<param name="height" value="88" />
					</include>
					<width>420</width>
					<label>$LOCALIZE[13280]</label>
				</control>
				<control type="button" id="98">
					<description>Button Hardware</description>
					<include content="DefaultSettingButton">
						<param name="height" value="88" />
					</include>
					<width>420</width>
					<label>$LOCALIZE[13281]</label>
				</control>
				<control type="button" id="99">
					<description>Button PVR</description>
					<include content="DefaultSettingButton">
						<param name="height" value="88" />
					</include>
					<width>420</width>
					<label>$LOCALIZE[19191]</label>
				</control>
				<control type="button" id="100">
					<description>Button Privacy policy</description>
					<include content="DefaultSettingButton">
						<param name="height" value="88" />
					</include>
					<width>420</width>
					<label>$LOCALIZE[12389]</label>
				</control>
			</control>
		</control>
		<include content="TopBar">
			<param name="breadcrumbs_label" value="$LOCALIZE[130]" />
		</include>
		<include>BottomBar</include>
	</controls>
</window>
