<?xml version="1.0" encoding="UTF-8" standalone="yes"?>
<addon id="plugin.video.youtube.monstercat" name="Monstercat" version="1.0.1" provider-name="Obito">
	<requires>
		<import addon="plugin.video.youtube" version="4.0" optional="false"/>
	</requires>
	<extension point="xbmc.python.pluginsource" library="default.py">
		<provides>video</provides>
	</extension>
	<extension  point="xbmc.addon.metadata">
		<platform>all</platform>
		<summary lang="en">Monstercat</summary>
		<description lang="en">Monstercat is a new-age Record Label. It is the convergence of an independent label, tech startup and media company. We empower creative people, musicians, artists, developers, entrepreneurs, and influencers young and old. We looked at the problems within the music industry, asked “why not” and have created the “how to”</description>
		<disclaimer>Mein Sweg</disclaimer>
		<language>en</language>
	</extension>
</addon>
