<?xml version="1.0" encoding="UTF-8"?>
<colors>
	<color name="primary_background">FFB20000</color>
	<color name="secondary_background">33D90000</color>
	<color name="dialog_tint">FF000000</color>
	<color name="background">FF000000</color>
	<color name="bg_image">FF909090</color>
	<color name="bg_overlay">30FFFFFF</color>
	<color name="black">FF000000</color>
	<color name="white">FFF0F0F0</color>
	<color name="grey">FFA0A0A0</color>
	<color name="blue">FF7ACAFE</color>
	<color name="red">FFFF0000</color>
	<color name="button_focus">FFC40300</color>
	<color name="text_shadow">22000000</color>
	<color name="border_alpha">60FFFFFF</color>
	<color name="disabled">40FFFFFF</color>
	<color name="selected">FFFF2626</color>
	<color name="invalid">FFFF0000</color>
</colors>
