<?xml version="1.0" encoding="UTF-8" standalone="yes"?>
<addon id="plugin.video.youtube.lbb" name="Little Baby Bum" version="1.0.1" provider-name="Obito">
	<requires>
		<import addon="plugin.video.youtube" version="4.0" optional="false"/>
	</requires>
	<extension point="xbmc.python.pluginsource" library="default.py">
		<provides>video</provides>
	</extension>
	<extension  point="xbmc.addon.metadata">
		<platform>all</platform>
		<summary lang="en">Little Baby Bum</summary>
		<description lang="en">The best nursery rhyme videos for children on YouTube</description>
		<disclaimer>Mein Sweg</disclaimer>
		<language>en</language>
	</extension>
</addon>
