<xml>
  <dir>
    <name>MTV Music</name>
    <link>plugin://plugin.video.mdmtvuk</link>
    <thumbnail>special://home/addons/plugin.video.mdmtvuk/icon.png</thumbnail>
    <summary>MTV Music Addon</summary>
  </dir>
  
  <dir>
    <name>Youtube Music</name>
    <link>plugin://plugin.video.spotitube</link>
    <thumbnail>special://home/addons/plugin.video.spotitube/icon.png</thumbnail>
    <summary>Youtube Music Addon</summary>
  </dir>
  
  <dir>
    <name>Monstercat Youtube</name>
    <link>plugin://plugin.video.youtube.monstercat</link>
    <thumbnail>special://home/addons/plugin.video.youtube.monstercat/icon.png</thumbnail>
    <summary>Monstercat Addon</summary>
  </dir>
  
  <dir>
    <name>X Factor</name>
    <link>plugin://plugin.video.XFactorInternational</link>
    <thumbnail>special://home/addons/plugin.video.XFactorInternational/icon.png</thumbnail>
    <summary>X Factor Addon</summary>
  </dir>

</xml>
