<xml>
  <dir>
    <name>Twitch</name>
    <link>plugin://plugin.video.twitch</link>
    <thumbnail>special://home/addons/plugin.video.twitch/icon.png</thumbnail>
  </dir>
  
  <dir>
    <name>Youtube</name>
    <link>plugin://plugin.video.youtube</link>
    <thumbnail>special://home/addons/plugin.video.youtube/icon.png</thumbnail>
    <summary></summary>
  </dir>
  
  <dir>
    <name>MMA Youtube</name>
    <link>plugin://plugin.video.ytMMA</link>
    <thumbnail>special://home/addons/plugin.video.ytMMA/icon.png</thumbnail>
    <summary></summary>
  </dir>
  
  <dir>
    <name>WWE On Youtube</name>
    <link>plugin://plugin.video.wwe-on-youtube</link>
    <thumbnail>special://home/addons/plugin.video.wwe-on-youtube/icon.png</thumbnail>
    <summary></summary>
  </dir>

 <dir>
    <name>The Joe Rogan Experience</name>
    <link>plugin://plugin.video.jre.tva</link>
    <thumbnail>special://home/addons/plugin.video.jre.tva/icon.png</thumbnail>
    <summary></summary>
  </dir>
  
  <dir>
    <name>Live Tube</name>
    <link>plugin://plugin.video.LiveTube</link>
    <thumbnail>special://home/addons/plugin.video.LiveTube/icon.png</thumbnail>
    <summary></summary>
  </dir>

</xml>
