<?xml version="1.0" encoding="UTF-8" standalone="yes"?>
<addon id="plugin.video.kamui" version="1.0.7" name="[COLOR red]Kamui[/COLOR] [COLOR white]Streams[/COLOR]" provider-name="Obito">
	<requires>
		<import addon="xbmc.python" version="2.19.0" />
		<import addon="script.module.kamui" />
		<import addon="script.kamui.artwork" />
		<import addon="script.kamui.metadata" />
		<import addon="script.module.resolveurl" />
		<import addon="script.module.requests" />
		<import addon="script.module.lambdascrapers" />
		<import addon="script.module.metahandler" version="1.0.0" />
	</requires>
	<extension point="xbmc.python.pluginsource" library="default.py">
		<provides>video</provides>
	</extension>
	<extension point="xbmc.service" library="service.py" start="startup" />
	<extension point="xbmc.addon.metadata">
		<summary lang="en">Kamui Streams</summary>
		<description lang="en">[B]Kamui Streams[/B][CR] [B]***Exodus Fork***[/B][CR][CR]This addon does not form part of the Kodi Media Centre. Please do not seek assistance with this addon from any of the Official Kodi Support Channels.[CR][CR]The author does not host any of the content in this addon and takes no responsibility for content found.</description>
		<disclaimer lang="en">The author of this addon do not host any of the content which is found and have no affiliation with any of the content providers. This addon simply searches websites for content. Use at your own risk!</disclaimer>
		<platform>all</platform>
		<license>GNU GENERAL PUBLIC LICENSE. Version 3, 29 June 2007</license>
		<assets>
			<icon>icon.png</icon>
			<fanart>fanart.jpg</fanart>
    		<screenshot></screenshot>
		</assets>
		<news></news>
	</extension>
</addon>
