<?xml version="1.0" encoding="UTF-8" standalone="yes"?>
<addon id="plugin.video.jre.tva" name="The Joe Rogan Experience" version="1.0.0" provider-name="tvaddons">
  <requires>
    <import addon="xbmc.python" version="2.1.0"/>
    <import addon="script.module.addon.common" version="2.0.0"/>
    <import addon="plugin.video.youtube" version="5.0.0"/>
  </requires>
  <extension point="xbmc.python.pluginsource" library="default.py">
        <provides>video</provides>
  </extension>
  <extension point="xbmc.addon.metadata">
    <summary lang="en">The Joe Rogan Experience</summary>
    <description lang="en">Watch Episodes of The Joe Rogan Experience Podcast</description>
    <forum>https://www.tvaddons.co/forums</forum>
    <website>https://www.tvaddons.co</website>
    <platform>all</platform>
  </extension>
</addon>
