<?xml version="1.0" encoding="UTF-8" standalone="yes"?>
<addon id="plugin.video.youtube.markwiens" name="Mark Wiens Food" version="1.0.1" provider-name="Obito">
  <requires>
    <import addon="xbmc.python" version="2.1.0"/>
    <import addon="script.module.addon.common" version="2.0.0"/>
    <import addon="plugin.video.youtube" version="5.0.0"/>
  </requires>
  <extension point="xbmc.python.pluginsource" library="default.py">
        <provides>video</provides>
  </extension>
  <extension point="xbmc.addon.metadata">
    <summary lang="en">Mark Wiens Travel and Food</summary>
    <description lang="en">Food is the reason you should travel, and on my channel you'll watch videos that feature incredibly delicious food and travel tips.</description>
    <disclaimer>Mein Sweg</disclaimer>
    <platform>all</platform>
  </extension>
</addon>
