<?xml version='1.0' encoding='UTF-8' standalone='yes'?>
<addon id='plugin.video.twitch' version='2.1.1' name='Twitch' provider-name='A Talented Community'>
    <requires>
        <import addon='xbmc.python' version='2.20.0'/>
        <import addon="script.module.python.twitch" version="2.0.0"/>
        <import addon="script.module.requests" version="2.9.1"/>
    </requires>
    <extension point='xbmc.python.pluginsource' library='resources/lib/routes.py'>
        <provides>video</provides>
    </extension>
    <extension point="xbmc.service" library="resources/lib/service.py"/>
    <extension point='xbmc.addon.metadata'>
        <platform>all</platform>
        <news>
2.1.2
[fix] VodCast highlighting
2.1.1
[fix] video default qualities
[fix] setContentLookup AttributeError
2.1.0
[chg] string paths
[fix] required changes for script.module.python.twitch v2.0.0 refactor
[fix] multiple reconnections to same stream
[upd] don't show watched marks for streams
[upd] leave api logging to script.module.python.twitch
[add] channel_name to play route, can use channel_id or channel_name
[add] inputstream.adaptive support for inputstream.adaptive versions >= 2.0.10
[add] Revoke token
[add] Update token route
[add] Reset cache on Refresh to Settings -> Cache
[add] notify at start and group notifications at start to live notification settings
[add] logo and game to live notifications
[add] Hebrew strings [Eng2Heb]
        </news>
        <assets>
            <icon>icon.png</icon>
            <fanart>fanart.png</fanart>
        </assets>
        <language></language>
        <source>https://github.com/MrSprigster/Twitch-on-Kodi</source>
        <license>GNU GENERAL PUBLIC LICENSE Version 3, 29 June 2007</license>
        <forum>http://forum.kodi.tv/showthread.php?tid=134538</forum>
        <summary lang='da_dk'>Twitch video plugin</summary>
        <description lang='da_dk'>Se dine favorit gaming streams!</description>
        <summary lang='de_de'>Twitch video plugin</summary>
        <description lang='de_de'>Schaue die besten Gaming-Streams!</description>
        <summary lang='en_gb'>Twitch video plugin</summary>
        <description lang='en_gb'>Watch your favorite gaming streams!</description>
        <summary lang='es_es'>Twitch video plugin</summary>
        <description lang='es_es'>¡Mira los streams de tus juegos favoritos!</description>
        <summary lang='fr_fr'>Twitch video plugin</summary>
        <description lang='fr_fr'>Regardez les streams de vos jeux favoris !</description>
        <summary lang='nl_nl'>Twitch video plugin</summary>
        <description lang='nl_nl'>Bekijk je favoriete gaming-streams!</description>
        <summary lang='nb_no'>Tillegg for Twitch</summary>
        <description lang='nb_no'>Se dine favorittstrømmere!</description>
        <summary lang='pl_pl'>Twitch video plugin</summary>
        <description lang='pl_pl'>Oglądaj ulubione programy TwitchTV!</description>
    </extension>
</addon>
