<?xml version="1.0" encoding="UTF-8" standalone="yes"?>
<addon id="plugin.video.LiveTube" name="Live Tube" version="1.0.3" provider-name="Tvaddons">
  <requires>
    <import addon="xbmc.python" version="2.1.0"/>
    <import addon="plugin.video.youtube"/>
  </requires>
  <extension point="xbmc.python.pluginsource" library="addon.py">
    <provides>video</provides>
  </extension>
  <extension point="xbmc.addon.metadata">
    <language>en</language>
    <summary lang="en">Live On YouTube</summary>
    <description lang="en">Live On YouTube</description>
    <platform>all</platform>
  </extension>
</addon>
