<xml>
  <dir>
    <name>9Anime</name>
    <link>plugin://plugin.video.9anime</link>
    <thumbnail>special://home/addons/plugin.video.9anime/icon.png</thumbnail>
    <summary></summary>
  </dir>
  
  <dir>
    <name>Masterani Redux</name>
    <link>plugin://plugin.video.masteraniredux</link>
    <thumbnail>special://home/addons/plugin.video.masteraniredux/icon.png</thumbnail>
    <summary></summary>
  </dir>
  
  <dir>
    <name>Anime Incursion</name>
    <link>plugin://plugin.video.animeincursion</link>
    <thumbnail>special://home/addons/plugin.video.animeincursion/icon.png</thumbnail>
    <summary></summary>
  </dir>
  
  <dir>
    <name>Watchnixtoons</name>
    <link>plugin://plugin.video.watchnixtoons</link>
    <thumbnail>special://home/addons/plugin.video.watchnixtoons/icon.png</thumbnail>
    <summary></summary>
  </dir>

</xml>
