<xml>
  <dir>
    <name>URLResolver - RealDebrid Auth</name>
    <link>plugin://script.module.urlresolver/?mode=auth_rd</link>
    <thumbnail>special://home/addons/script.module.urlresolver/icon.png</thumbnail>
    <summary></summary>
  </dir>
  
  <dir>
    <name>ResolveURL - RealDebrid Auth</name>
    <link>plugin://script.module.resolveurl/?mode=auth_rd</link>
    <thumbnail>special://home/addons/script.module.resolveurl/icon.png</thumbnail>
    <summary></summary>
  </dir>  
  
<dir>
    <name>Restore Save Data</name>
    <link>plugin://plugin.program.kamuiwizard/','-1','?mode=restoredebrid&name=all</link>
    <thumbnail>special://home/addons/plugin.program.kamuitools/icon.png</thumbnail>
    <summary></summary>
  </dir>  

</xml>
