<xml>
  <dir>
    <name>Kamui Streams - Trakt Auth</name>
    <link>plugin://plugin.video.kamui/?action=traktAuthorize</link>
    <thumbnail>special://home/addons/plugin.video.kamui/icon.png</thumbnail>
    <summary></summary>
  </dir>
  
  <dir>
    <name>Neptune Rising - Trakt Auth</name>
    <link>plugin://plugin.video.neptune/?action=traktAuthorize</link>
    <thumbnail>special://home/addons/plugin.video.neptune/icon.png</thumbnail>
    <summary></summary>
  </dir>
  
  <dir>
    <name>Gaia - Trakt Auth</name>
    <link>plugin://plugin.video.gaia/?action=traktAuthorize</link>
    <thumbnail>special://home/addons/plugin.video.gaia/icon.png</thumbnail>
    <summary></summary>
  </dir>
  
  <dir>
    <name>Gurzil - Trakt Auth</name>
    <link>plugin://plugin.video.gurzil/?action=authTrakt</link>
    <thumbnail>special://home/addons/plugin.video.gurzil/icon.png</thumbnail>
    <summary></summary>
  </dir>
  
  <dir>
    <name>Restore Save Data</name>
    <link>plugin://plugin.program.kamuiwizard/','-1','?mode=restoretrakt&name=all</link>
    <thumbnail>special://home/addons/plugin.program.kamuitools/icon.png</thumbnail>
    <summary></summary>
  </dir>

</xml>
