<?xml version="1.0" encoding="UTF-8" standalone="yes"?>
<addon id="script.kamui.artwork" version="2.0.0" name="Kamui Artwork" provider-name="Obito">
	<requires>
		<import addon="xbmc.python" version="2.19.0"/>
	</requires>
	<extension point="xbmc.python.module" library="lib" />
	<extension point="xbmc.addon.metadata">
		<summary>Themes for the Kamui Addon</summary>
		<description>Themes for Kamui are maintained separately to make distribution of the the addon itself easier/faster.</description>
		<platform>all</platform>
	</extension>
</addon>
