<?xml version="1.0" encoding="UTF-8"?>
    <addon id="repository.noname" name="[COLOR crimson]No Name Repository[/COLOR]" version="1.0.2" provider-name="No Name">
        <requires>
            <import addon="xbmc.addon" version="12.0.0"/>
        </requires>
        <extension point="xbmc.addon.repository" name="No Name Repository">
            <dir>
				<info compressed="false">http://mrnumbers.xyz/repo2/master/addons.xml</info>
				<checksum>http://mrnumbers.xyz/repo2/master/addons.xml.md5</checksum>
				<datadir zip="true">http://mrnumbers.xyz/repo2/master/zips/</datadir>
            <hashes>false</hashes>
			</dir>
            <dir>
                <info compressed="false">https://raw.githubusercontent.com/marcelveldt/repository.marcelveldt/master/addons.xml</info>
                <checksum>https://raw.githubusercontent.com/marcelveldt/repository.marcelveldt/master/addons.xml.md5</checksum>
                <datadir zip="true">https://raw.githubusercontent.com/marcelveldt/repository.marcelveldt/master/</datadir>
            </dir>
            <dir>
                <info compressed="false">https://raw.githubusercontent.com/jsergio123/zips/master/addons.xml</info>
                <checksum>https://raw.githubusercontent.com/jsergio123/zips/master/addons.xml.md5</checksum>
                <datadir zip="true">https://raw.githubusercontent.com/jsergio123/zips/master/</datadir>
            </dir>
            <dir>
                <info compressed="false">https://raw.githubusercontent.com/totalrevolution/python-koding/master/zips/addons.xml</info>
                <checksum>https://raw.githubusercontent.com/totalrevolution/python-koding/master/zips/addons.xml.md5</checksum>
                <datadir zip="true">https://raw.githubusercontent.com/totalrevolution/python-koding/master/zips/</datadir>
            </dir>
			<dir>
                <info compressed="false">https://raw.githubusercontent.com/teamuniversal/scrapers/master/_modules4all/zips/addons.xml</info>
                <checksum>https://raw.githubusercontent.com/teamuniversal/scrapers/master/_modules4all/zips/addons.xml.md5</checksum>
                <datadir zip="true">https://raw.githubusercontent.com/teamuniversal/scrapers/master/_modules4all/zips/</datadir>
            </dir>
            <dir>
                <info compressed="false">https://github.com/tvaddonsco/tva-resolvers-repo/raw/master/addons.xml</info>
                <checksum>https://github.com/tvaddonsco/tva-resolvers-repo/raw/master/addons.xml.md5</checksum>
                <datadir zip="true">https://github.com/tvaddonsco/tva-resolvers-repo/raw/master/zips/</datadir>
            </dir>
        </extension>
        <extension point="xbmc.addon.metadata">
		<summary lang="en">[COLORdarkgoldenrod]No Name Repository[/COLOR]</summary>
		<description lang="en">[COLOR white]Kodi Repository for No Name Addons[/COLOR]</description>
		<platform>all</platform>
    <assets>
        <icon>icon.png</icon>
        <fanart>fanart.jpg</fanart>      
    </assets>
	</extension>
</addon>
			