<xml>
  <dir>
    <title>Movies</title>
    <link>file://main/movies.xml</link>
  </dir>

  <dir>
    <title>TV Shows</title>
    <link>file://main/tvshows.xml</link>
  </dir>

 <dir>
    <title>Live TV</title>
    <link>file://main/tv.xml</link>
  </dir>
  
  <dir>
    <title>Kids</title>
    <link>file://main/kids.xml</link>
  </dir>
  
  <dir>
    <title>Sports</title>
    <link>file://main/sports.xml</link>
  </dir>
  
  <dir>
    <title>Music</title>
    <link>file://main/music.xml</link>
  </dir>
  
  <dir>
    <title>Online</title>
    <link>file://main/online.xml</link>
  </dir>
  
  <dir>
    <title>Anime</title>
    <link>file://main/anime.xml</link>
  </dir>
  
  <dir>
    <title>Kamui Wizard</title>
    <link>file://main/kamui.xml</link>
  </dir>
  
</xml>
