<xml>
  <dir>
    <name>Kamui Kids</name>
    <link>plugin://plugin.video.kamui/?action=kidscorner</link>
    <thumbnail>special://home/addons/plugin.video.kamui/icon.png</thumbnail>
    <summary>Kamui Kids</summary>
  </dir>
  
  <dir>
    <name>AtTheFlix</name>
    <link>plugin://plugin.video.AtTheFlix/?description=No%20information%20available&amp;mode=get_list&amp;name=%5bCOLOR%20red%5d%5bB%5dKids%20Movie%20Boxsets%5b%2fB%5d%5b%2fCOLOR%5d&amp;url=https%3a%2f%2fpastebin.com%2fraw%2ffmUTKku0</link>
    <thumbnail>special://home/addons/plugin.video.AtTheFlix/icon.png</thumbnail>
    <summary>AtTheFlix Kids Movies Boxsets</summary>
  </dir>
  
  <dir>
    <name>Cartoon HD</name>
    <link>plugin://plugin.video.cartoonhd</link>
    <thumbnail>special://home/addons/plugin.video.cartoonhd/icon.png</thumbnail>
    <summary>Cartoon HD Addon</summary>
  </dir>
  
  <dir>
    <name>Little Baby Bum</name>
    <link>plugin://plugin.video.youtube.lbb</link>
    <thumbnail>special://home/addons/plugin.video.youtube.lbb/icon.png</thumbnail>
    <summary>Little Baby Bum Addon</summary>
  </dir>

</xml>
