<xml>
  <dir>
    <name>PlanetMMA</name>
    <link>plugin://plugin.video.ufc-finest</link>
    <thumbnail>special://home/addons/plugin.video.ufc-finest/icon.png</thumbnail>
    <summary>PlanetMMA Addon</summary>
  </dir>
  
  <dir>
    <name>Wrestling On Demand</name>
    <link>plugin://plugin.video.wwe-on-demand</link>
    <thumbnail>special://home/addons/plugin.video.wwe-on-demand/icon.png</thumbnail>
    <summary>Wrestling On Demand Addon</summary>
  </dir>
  
  <dir>
    <name>Sparkle</name>
    <link>plugin://plugin.video.sparkle</link>
    <thumbnail>special://home/addons/plugin.video.sparkle/icon.png</thumbnail>
    <summary>Sparkle Addon</summary>
  </dir>
  
  <dir>
    <name>Joker Sports</name>
    <link>plugin://plugin.video.JokerSports</link>
    <thumbnail>special://home/addons/plugin.video.JokerSports/icon.png</thumbnail>
    <summary>Joker Sports Addon</summary>
  </dir>

</xml>
