<xml>
  <dir>
    <name>TV Player</name>
    <link>plugin://plugin.video.tvplayer</link>
    <thumbnail>special://home/addons/plugin.video.tvplayer/icon.png</thumbnail>
    <summary>TV Player Addon</summary>
  </dir>
  
  <dir>
    <name>BBC iPlayer</name>
    <link>plugin://plugin.video.iplayerwww</link>
    <thumbnail>special://home/addons/plugin.video.iplayerwww/resources/icon.png</thumbnail>
    <summary>BBC iPlayer Addon</summary>
  </dir>
  
  <dir>
    <name>ITV Player</name>
    <link>plugin://plugin.video.itv</link>
    <thumbnail>special://home/addons/plugin.video.itv/icon.png</thumbnail>
    <summary>ITV Player Addon</summary>
  </dir>
  
  <dir>
    <name>UKTV Play</name>
    <link>plugin://plugin.video.uktvplay</link>
    <thumbnail>special://home/addons/plugin.video.uktvplay/icon.png</thumbnail>
    <summary>UKTV Play Addon</summary>
  </dir>

</xml>
