<xml>
  <dir>
    <name>Kamui Streams</name>
    <link>plugin://plugin.video.kamui</link>
    <thumbnail>special://home/addons/plugin.video.kamui/icon.png</thumbnail>
    <summary>Kamui Addon</summary>
  </dir>
  
  <dir>
    <name>Neptune Rising</name>
    <link>plugin://plugin.video.neptune</link>
    <thumbnail>special://home/addons/plugin.video.neptune/icon.png</thumbnail>
    <summary>Neptune Rising Addon</summary>
  </dir>
  
  <dir>
    <name>AtTheFlix</name>
    <link>plugin://plugin.video.AtTheFlix</link>
    <thumbnail>special://home/addons/plugin.video.AtTheFlix/icon.png</thumbnail>
    <summary>AtTheFlix Addon</summary>
  </dir>
  
  <dir>
    <name>Selfless Lite</name>
    <link>plugin://plugin.video.sli</link>
    <thumbnail>special://home/addons/plugin.video.sli/icon.png</thumbnail>
    <summary>Selfless Lite Addon</summary>
  </dir>

</xml>
