<xml>
  <dir>
    <name>Real Debrid</name>
    <link>plugin://plugin.program.kamuitools/?mode=get_list&amp;name=Real%20Debrid&amp;url=file%3a%2f%2fmain%2fdebrid.xml</link>
    <thumbnail>special://home/addons/plugin.program.kamuitools/resources/art/rdlogo.png</thumbnail>
    <summary>Real Debrid</summary>
  </dir>
  
  <dir>
    <name>Trakt</name>
    <link>plugin://plugin.program.kamuitools/?mode=get_list&amp;name=Trakt&amp;url=file%3a%2f%2fmain%2ftrakt.xml</link>
    <thumbnail>special://home/addons/plugin.program.kamuitools/resources/art/traktlogo.png</thumbnail>
    <summary>Trakt</summary>
  </dir>

</xml>
