<addon id="plugin.video.kamui" version="1.0.1" name="Kamui" provider-name="Obito">
	<requires>
		<import addon="xbmc.python" version="2.19.0" />
		<import addon="script.kamui.artwork"/>
		<import addon="script.kamui.metadata"/>
		<import addon="script.module.resolveurl"/>
		<import addon="script.module.metahandler" version="2.9.0" />
		<import addon="script.module.requests"/>
		<import addon="script.module.beautifulsoup"/>
		<import addon="script.module.futures"/>
	</requires>
	<extension point="xbmc.python.pluginsource" library="kamui.py">
		<provides>video</provides>
	</extension>
	<extension point="xbmc.service" library="service.py" start="startup" />
	<extension point="xbmc.addon.metadata">
		<summary lang="en">Kamui Addon</summary>
		<description lang="en">Welcome To Kamui - Watch movies and TV shows in high quality! Please note that this addon is not an official part of the Kodi media player</description>
		<disclaimer lang="en">[COLOR yellow]The author does not host any content, nor is he affiliated with any of the content providers.[/COLOR]</disclaimer>
		<platform>all</platform>
		<forum></forum>
		<website></website>
		<source></source>
		<news>Kamui, Is A Fork Of A Long Lived Addon [CR]Also Credit To Lambda/Viper For Exodus [CR]</news>
	</extension>
</addon>