<?xml version="1.0" encoding="UTF-8" standalone="yes"?>

<addon id="plugin.video.ytMMA" name="UFC On YouTube" version="1.0.1" provider-name="Obito">
  <requires>
    <import addon="xbmc.python" version="2.1.0"/>
    <import addon="script.module.addon.common" version="2.0.0"/>
    <import addon="plugin.video.youtube" version="5.0.0"/>
  </requires>
  <extension point="xbmc.python.pluginsource" library="default.py">
        <provides>video</provides>
  </extension>
  <extension point="xbmc.addon.metadata">
    <summary lang="en">UFC On YouTube</summary>
    <description lang="en">UFC On YouTube</description>
  </extension>
</addon>
