<?xml version="1.0" encoding="UTF-8" standalone="yes"?>
<addon id="plugin.video.documented.hd"
       name="[COLOR white][B]Documented[COLOR lime].[COLOR white]HD[/B][/COLOR]"
       version="5.5"
       provider-name="frenchdj">
  <requires>
    <import addon="xbmc.python" version="2.1.0"/>
    <import addon="script.module.beautifulsoup" />
    <import addon="plugin.video.youtube" optional="true" />
    <import addon="script.module.simplejson" />    
  </requires>
  <extension point="xbmc.python.pluginsource" library="default.py">
    <provides>video</provides>
  </extension>
  <extension point="xbmc.addon.metadata">
    <summary lang="en">[ 5th Edition ]</summary>
    <description>Real Stories Documentaries in HD Quality. 
Channels and Playlists organized by categories. Source Youtube Website. 
[B][COLOR lime]Advised the latest version of youtube 6.*.*[/B][/COLOR]</description>
    <platform>all</platform>
  </extension>
</addon>