<?xml version="1.0" encoding="UTF-8" standalone="yes"?>
    <addon id="plugin.program.kamuiwidgets" name="Kamui Widgets" version="1.2.2" provider-name="Obito">
        <requires>
            <import addon="xbmc.python" version="2.1.0" />
            <import addon="script.module.requests" version="1.1.0" />
            <import addon="script.module.addon.common" />
			<import addon="plugin.video.wrestlemaniac" />
			<import addon="plugin.video.seren" />
			<import addon="plugin.video.kamui" />
			<import addon="plugin.video.gaia" />
			<import addon="plugin.video.AtTheFlix" />
			<import addon="plugin.video.documented.hd" />
			<import addon="plugin.video.binkytv" />
			<import addon="plugin.video.cartoonhd" />
			<import addon="plugin.video.9anime" />
			<import addon="plugin.video.iplayerwww" />
			<import addon="plugin.video.itv" />
			<import addon="plugin.video.JokerSports" />
			<import addon="plugin.video.jre.tva" />
			<import addon="plugin.video.LiveTube" />
			<import addon="plugin.video.masteraniredux" />
			<import addon="plugin.video.mdmtvuk" />
			<import addon="plugin.video.SkyNet" />
			<import addon="plugin.video.sparkle" />
			<import addon="plugin.video.spotitube" />
			<import addon="plugin.video.tvplayer" />
			<import addon="plugin.video.twitch" />
			<import addon="plugin.video.ufc-finest" />
			<import addon="plugin.video.uktvplay" />
			<import addon="plugin.video.watchnixtoons" />
			<import addon="plugin.video.wwe-on-youtube" />
			<import addon="plugin.video.XFactorInternational" />
			<import addon="plugin.video.youtube" />
			<import addon="plugin.video.youtube.lbb" />
			<import addon="plugin.video.youtube.monstercat" />
			<import addon="plugin.video.ytMMA" />
			<import addon="program.plexus" />
			<import addon="plugin.audio.mixcloud" />		
			<import addon="plugin.video.WorldOfWrestling" />	
            <import addon="plugin.video.wonderfulsubs" />			
        </requires>
        <extension point="xbmc.python.pluginsource" library="default.py">
           <provides>executable</provides>
        </extension>
  <extension point="xbmc.addon.metadata">
    <summary lang="en">Kamui Widgets</summary>
    <description lang="en">Kamui Widgets</description>
    <platform>all</platform>
  </extension>
    </addon>
