<xml>
  <dir>
    <name>PlanetMMA</name>
    <link>plugin://plugin.video.ufc-finest</link>
    <thumbnail>special://home/addons/plugin.video.ufc-finest/icon.png</thumbnail>
    <summary>PlanetMMA Addon</summary>
  </dir>
  
  <dir>
    <name>Wrestling On Demand</name>
    <link>plugin://plugin.video.wwe-on-demand</link>
    <thumbnail>special://home/addons/plugin.video.wwe-on-demand/icon.png</thumbnail>
    <summary>Wrestling On Demand Addon</summary>
  </dir>
  
  <dir>
    <name>Sparkle</name>
    <link>plugin://plugin.video.sparkle</link>
    <thumbnail>special://home/addons/plugin.video.sparkle/icon.png</thumbnail>
    <summary>Sparkle Addon</summary>
  </dir>
  
  <dir>
    <name>Joker Sports</name>
    <link>plugin://plugin.video.JokerSports</link>
    <thumbnail>special://home/addons/plugin.video.JokerSports/icon.png</thumbnail>
    <summary>Joker Sports Addon</summary>
  </dir>

<dir>
    <name>Skynet Sports</name>
    <link>plugin://plugin.video.SkyNet/?mode=1&amp;name=%5bCOLOR%20white%5dSkynet%20Sports%5b%2fCOLOR%5d&amp;url=https%3a%2f%2fpastebin.com%2fraw%2f8LwbCQkv</link>
    <thumbnail>special://home/addons/plugin.video.SkyNet/icon.png</thumbnail>
    <summary>Skynet Sports Addon</summary>
  </dir>
  
  <dir>
    <name>Sports Devil</name>
    <link>plugin://plugin.video.SportsDevil</link>
    <thumbnail>special://home/addons/plugin.video.SportsDevil/icon.png</thumbnail>
    <summary>Sports Devil Addon</summary>
  </dir>

</xml>
