<?xml version="1.0" encoding="UTF-8"?>
<window>
	<defaultcontrol>9000</defaultcontrol>
	<backgroundcolor>background</backgroundcolor>
	<controls>
		<control type="button" id="20000">
			<include>HiddenObject</include>
			<animation effect="fade" time="300" start="100" end="0">Focus</animation>
			<onfocus>SetFocus(2000)</onfocus>
			<onclick>noop</onclick>
			<visible allowhiddenfocus="true">Control.HasFocus(20000)</visible>
		</control>
		<control type="button" id="20001">
			<include>HiddenObject</include>
			<animation effect="fade" time="300" start="100" end="0">Focus</animation>
			<onfocus>SetFocus(2000)</onfocus>
			<onclick>noop</onclick>
			<visible allowhiddenfocus="true">Control.HasFocus(20001)</visible>
		</control>
		<include>DefaultBackground</include>
		<control type="multiimage">
			<depth>DepthBackground</depth>
			<include>FullScreenDimensions</include>
			<aspectratio>scale</aspectratio>
			<fadetime>600</fadetime>
			<animation effect="zoom" center="auto" end="102,102" time="0" condition="Integer.IsGreater(System.StereoscopicMode,0)">conditional</animation>
			<animation effect="fade" start="0" end="100" time="400">WindowOpen</animation>
			<animation effect="fade" start="100" end="0" time="300">WindowClose</animation>
			<animation effect="fade" time="400">VisibleChange</animation>
			<imagepath background="true" colordiffuse="bg_overlay">$VAR[HomeFanartVar]</imagepath>
			<visible>!Player.HasMedia</visible>
		</control>
		<control type="group">
			<animation effect="fade" start="100" end="0" time="200" tween="sine" condition="$EXP[infodialog_active]">Conditional</animation>
			<control type="group" id="2000">
				<left>462</left>
				<animation type="Conditional" condition="Control.IsVisible(20000)" reversible="false">
					<effect type="slide" end="0,20" time="60" tween="sine" />
					<effect type="slide" end="0,-20" time="180" tween="sine" delay="80" />
				</animation>
				<animation type="Conditional" condition="Control.IsVisible(20001)" reversible="false">
					<effect type="slide" end="0,-20" time="60" tween="sine" />
					<effect type="slide" end="0,20" time="180" tween="sine" delay="80" />
				</animation>
				<include>OpenClose_Right</include>
				<control type="grouplist" id="5000">
					<visible>String.IsEqual(Container(9000).ListItem.Property(id),movies)</visible>
					<include content="Visible_Right_Delayed">
						<param name="id" value="movies"/>
					</include>
						<include>WidgetGroupListCommon</include>
						<include content="WidgetListSquare">
							<param name="content_path" value="plugin://plugin.program.kamuiwidgets/?mode=150&amp;name=MOVIES1&amp;url=http%3a%2f%2fkamui.ga"/>
							<param name="widget_header" value=""/>
							<param name="widget_target" value="videos"/>
							<param name="sortorder" value="ascending"/>
							<param name="list_id" value="5100"/>
							<param name="fallback_icon" value="DefaultGames.png"/>
						</include>
						<include content="WidgetListSquare">
							<param name="content_path" value="plugin://plugin.program.kamuiwidgets/?mode=151&amp;name=MOVIES2&amp;url=http%3a%2f%2fkamui.ga"/>
							<param name="widget_header" value=""/>
							<param name="widget_target" value="videos"/>
							<param name="sortorder" value="ascending"/>
							<param name="list_id" value="5200"/>
							<param name="fallback_icon" value="DefaultGames.png"/>
						</include>
				</control>
				<control type="grouplist" id="6000">
					<visible>String.IsEqual(Container(9000).ListItem.Property(id),tvshows)</visible>
					<include content="Visible_Right_Delayed">
						<param name="id" value="tvshows"/>
					</include>
						<include>WidgetGroupListCommon</include>
						<include content="WidgetListSquare">
							<param name="content_path" value="plugin://plugin.program.kamuiwidgets/?mode=152&amp;name=TV SHOWS1&amp;url=http%3a%2f%2fkamui.ga"/>
							<param name="widget_header" value=""/>
							<param name="widget_target" value="videos"/>
							<param name="sortorder" value="ascending"/>
							<param name="list_id" value="6100"/>
							<param name="fallback_icon" value="DefaultGames.png"/>
						</include>
						<include content="WidgetListSquare">
							<param name="content_path" value="plugin://plugin.program.kamuiwidgets/?mode=153&amp;name=TV SHOWS2&amp;url=http%3a%2f%2fkamui.ga"/>
							<param name="widget_header" value=""/>
							<param name="widget_target" value="videos"/>
							<param name="sortorder" value="ascending"/>
							<param name="list_id" value="6200"/>
							<param name="fallback_icon" value="DefaultGames.png"/>
						</include>
				</control>
				<control type="group" id="7000">
					<visible>String.IsEqual(Container(9000).ListItem.Property(id),music)</visible>
					<include content="Visible_Right_Delayed">
						<param name="id" value="music"/>
					</include>
						<include content="WidgetListSquare">
							<param name="content_path" value="plugin://plugin.program.kamuiwidgets/?mode=157&amp;name=MUSIC&amp;url=http%3a%2f%2fkamui.ga"/>
							<param name="widget_header" value=""/>
							<param name="widget_target" value="videos"/>
							<param name="sortorder" value="ascending"/>
							<param name="list_id" value="7100"/>
							<param name="fallback_icon" value="DefaultGames.png"/>
						</include>
				</control>
				<control type="group" id="8000">
					<visible>String.IsEqual(Container(9000).ListItem.Property(id),addons)</visible>
					<include content="Visible_Right_Delayed">
						<param name="id" value="addons"/>
					</include>
					<control type="grouplist" id="8001">
						<include>WidgetGroupListCommon</include>
						<include content="WidgetListCategories">
							<param name="widget_header" value="$LOCALIZE[31148]"/>
							<param name="list_id" value="8900"/>
							<param name="visible" value="Integer.IsGreater(Container(8100).NumItems,0) | Integer.IsGreater(Container(8200).NumItems,0) | Integer.IsGreater(Container(8300).NumItems,0) | Integer.IsGreater(Container(8400).NumItems,0) | Integer.IsGreater(Container(8500).NumItems,0)"/>
							<param name="addon_submenu" value="true"/>
						</include>
						<include content="WidgetListSquare">
							<param name="content_path" value="addons://sources/video/"/>
							<param name="widget_header" value="$LOCALIZE[1037]"/>
							<param name="widget_target" value="videos"/>
							<param name="sortby" value="lastused"/>
							<param name="sortorder" value="descending"/>
							<param name="list_id" value="8100"/>
							<param name="fallback_icon" value="DefaultAddon.png"/>
						</include>
						<include content="WidgetListSquare">
							<param name="content_path" value="addons://sources/audio/"/>
							<param name="widget_header" value="$LOCALIZE[1038]"/>
							<param name="widget_target" value="music"/>
							<param name="sortby" value="lastused"/>
							<param name="sortorder" value="descending"/>
							<param name="list_id" value="8200"/>
							<param name="fallback_icon" value="DefaultAddon.png"/>
						</include>
						<include content="WidgetListSquare">
							<param name="content_path" value="addons://sources/executable/"/>
							<param name="widget_header" value="$LOCALIZE[1043]"/>
							<param name="widget_target" value="programs"/>
							<param name="sortby" value="lastused"/>
							<param name="sortorder" value="descending"/>
							<param name="list_id" value="8300"/>
							<param name="fallback_icon" value="DefaultAddon.png"/>
						</include>
						<include content="WidgetListSquare" condition="System.Platform.Android">
							<param name="content_path" value="androidapp://sources/apps/"/>
							<param name="widget_header" value="$LOCALIZE[20244]"/>
							<param name="widget_target" value="programs"/>
							<param name="sortby" value="lastused"/>
							<param name="sortorder" value="descending"/>
							<param name="list_id" value="8400"/>
							<param name="fallback_icon" value="DefaultAddon.png"/>
						</include>
						<include content="WidgetListSquare">
							<param name="content_path" value="addons://sources/image/"/>
							<param name="widget_header" value="$LOCALIZE[1039]"/>
							<param name="widget_target" value="pictures"/>
							<param name="sortby" value="lastused"/>
							<param name="sortorder" value="descending"/>
							<param name="list_id" value="8500"/>
						</include>
					</control>
					<include content="ImageWidget">
						<param name="text_label" value="$LOCALIZE[31119]" />
						<param name="button_label" value="$LOCALIZE[31118]" />
						<param name="button_onclick" value="ActivateWindow(addonbrowser)"/>
						<param name="button_id" value="8600"/>
						<param name="visible" value="!Integer.IsGreater(Container(8001).NumItems,0)"/>
						<param name="button2_onclick" value="Skin.SetBool(HomeMenuNoProgramsButton)"/>
					</include>
				</control>
				<control type="grouplist" id="11000">
					<visible>String.IsEqual(Container(9000).ListItem.Property(id),update)</visible>
					<include content="Visible_Right_Delayed">
						<param name="id" value="update"/>
					</include>
						<include>WidgetGroupListCommon</include>
						<include content="WidgetListSquare">
							<param name="content_path" value="plugin://plugin.program.kamuiwidgets/?mode=163&amp;name=UPDATE1&amp;url=http%3a%2f%2fkamui.ga"/>
							<param name="widget_header" value=""/>
							<param name="widget_target" value="videos"/>
							<param name="sortorder" value="ascending"/>
							<param name="list_id" value="11900"/>
							<param name="fallback_icon" value="DefaultGames.png"/>
						</include>
						<include content="WidgetListSquare">
							<param name="content_path" value="plugin://plugin.program.kamuiwidgets/?mode=164&amp;name=UPDATE2&amp;url=http%3a%2f%2fkamui.ga"/>
							<param name="widget_header" value=""/>
							<param name="widget_target" value="videos"/>
							<param name="sortorder" value="ascending"/>
							<param name="list_id" value="11950"/>
							<param name="fallback_icon" value="DefaultGames.png"/>
						</include>
				</control>
				<control type="group" id="12000">
					<visible>String.IsEqual(Container(9000).ListItem.Property(id),livetv)</visible>
					<include content="Visible_Right_Delayed">
						<param name="id" value="livetv"/>
					</include>
						<include content="WidgetListSquare">
							<param name="content_path" value="plugin://plugin.program.kamuiwidgets/?mode=156&amp;name=LIVE TV&amp;url=http%3a%2f%2fkamui.ga"/>
							<param name="widget_header" value=""/>
							<param name="widget_target" value="videos"/>
							<param name="sortorder" value="ascending"/>
							<param name="list_id" value="12900"/>
							<param name="fallback_icon" value="DefaultGames.png"/>
						</include>
				</control>
				<control type="grouplist" id="13000">
					<visible>String.IsEqual(Container(9000).ListItem.Property(id),online)</visible>
					<include content="Visible_Right_Delayed">
						<param name="id" value="online"/>
					</include>
						<include>WidgetGroupListCommon</include>
						<include content="WidgetListSquare">
							<param name="content_path" value="plugin://plugin.program.kamuiwidgets/?mode=160&amp;name=ONLINE1&amp;url=http%3a%2f%2fkamui.ga"/>
							<param name="widget_header" value=""/>
							<param name="widget_target" value="videos"/>
							<param name="sortorder" value="ascending"/>
							<param name="list_id" value="13900"/>
							<param name="fallback_icon" value="DefaultGames.png"/>
						</include>
						<include content="WidgetListSquare">
							<param name="content_path" value="plugin://plugin.program.kamuiwidgets/?mode=161&amp;name=ONLINE2&amp;url=http%3a%2f%2fkamui.ga"/>
							<param name="widget_header" value=""/>
							<param name="widget_target" value="videos"/>
							<param name="sortorder" value="ascending"/>
							<param name="list_id" value="13950"/>
							<param name="fallback_icon" value="DefaultGames.png"/>
						</include>
				</control>
				<control type="group" id="14000">
					<visible>String.IsEqual(Container(9000).ListItem.Property(id),favorites)</visible>
					<include content="Visible_Right_Delayed">
						<param name="id" value="favorites"/>
					</include>
					<control type="panel" id="14100">
						<left>65</left>
						<top>0</top>
						<right>0</right>
						<bottom>0</bottom>
						<onleft>9000</onleft>
						<onright>9000</onright>
						<onup>14100</onup>
						<ondown>14100</ondown>
						<onclick>$INFO[ListItem.FileNameAndPath]</onclick>
						<preloaditems>2</preloaditems>
						<scrolltime tween="cubic" easing="out">500</scrolltime>
						<orientation>vertical</orientation>
						<visible>Integer.IsGreater(Container(14100).NumItems,0) | Container(14100).IsUpdating</visible>
						<itemlayout width="330" height="396">
							<control type="group">
								<top>130</top>
								<include content="InfoWallMusicLayout">
									<param name="fallback_image" value="DefaultFavourites.png" />
									<param name="focused" value="false" />
								</include>
							</control>
						</itemlayout>
						<focusedlayout width="330" height="396">
							<control type="group">
								<depth>DepthContentPopout</depth>
								<top>130</top>
								<animation effect="zoom" start="100" end="110" time="200" tween="sine" easing="inout" center="170,320">Focus</animation>
								<animation effect="zoom" start="110" end="100" time="200" tween="sine" easing="inout" center="170,320">UnFocus</animation>
								<include content="InfoWallMusicLayout">
									<param name="fallback_image" value="DefaultFavourites.png" />
									<param name="focused" value="true" />
								</include>
							</control>
						</focusedlayout>
						<content>favourites://</content>
					</control>
					<include content="ImageWidget">
						<param name="text_label" value="$LOCALIZE[31025]" />
						<param name="button_label" value="$LOCALIZE[31116]" />
						<param name="button_onclick" value=""/>
						<param name="button_id" value="5500"/>
						<param name="visible" value="!Integer.IsGreater(Container(14100).NumItems,0) + !Container(14100).IsUpdating"/>
						<param name="visible_1" value="false"/>
						<param name="button2_onclick" value="Skin.SetBool(HomeMenuNoFavButton)"/>
					</include>
				</control>
				<control type="group" id="15000">
					<visible>String.IsEqual(Container(9000).ListItem.Property(id),weather)</visible>
					<include content="Visible_Right_Delayed">
						<param name="id" value="weather"/>
					</include>
					<control type="grouplist" id="15001">
						<include>WidgetGroupListCommon</include>
						<control type="group" id="16678">
							<description>Weather info</description>
							<left>68</left>
							<right>70</right>
							<top>102</top>
							<height>300</height>
							<visible>!String.IsEmpty(Weather.plugin)</visible>
							<control type="image">
								<bottom>90</bottom>
								<width>100%</width>
								<texture border="21">dialogs/dialog-bg.png</texture>
							</control>
							<control type="label">
								<left>840</left>
								<top>60</top>
								<aligny>center</aligny>
								<height>24</height>
								<right>60</right>
								<align>right</align>
								<font>font30_title</font>
								<label>$INFO[Weather.Location]</label>
							</control>
							<control type="label">
								<left>840</left>
								<top>120</top>
								<aligny>center</aligny>
								<height>24</height>
								<right>60</right>
								<align>right</align>
								<font>font14</font>
								<label>$INFO[Weather.Conditions,, ∙ ]$INFO[Weather.Temperature]</label>
							</control>
							<control type="grouplist">
								<top>50</top>
								<left>50</left>
								<right>20</right>
								<orientation>horizontal</orientation>
								<align>left</align>
								<itemgap>-110</itemgap>
								<include content="WeatherIcon" condition="!String.IsEmpty(Weather.Plugin)">
									<param name="label" value="Window(weather).Property(Current.Wind)" />
									<param name="texture" value="icons/weather/wind.png" />
									<param name="header" value="404" />
								</include>
								<include content="WeatherIcon" condition="!String.IsEmpty(Weather.Plugin)">
									<param name="label" value="Window(weather).Property(Current.Humidity)" />
									<param name="texture" value="icons/weather/humidity.png" />
									<param name="header" value="406" />
								</include>
								<include content="WeatherIcon" condition="!String.IsEmpty(Weather.Plugin)">
									<param name="label" value="Window(weather).Property(Current.Precipitation)" />
									<param name="texture" value="icons/weather/rain.png" />
									<param name="header" value="33021" />
								</include>
								<include content="WeatherIcon" condition="!String.IsEmpty(Weather.Plugin)">
									<param name="label" value="Window(weather).Property(Today.Sunrise)" />
									<param name="texture" value="icons/weather/sunrise.png" />
									<param name="header" value="405" />
								</include>
								<include content="WeatherIcon" condition="!String.IsEmpty(Weather.Plugin)">
									<param name="label" value="Window(weather).Property(Today.Sunset)" />
									<param name="texture" value="icons/weather/sunset.png" />
									<param name="header" value="403" />
								</include>
							</control>
						</control>
						<include content="WeatherWidget" condition="!String.IsEmpty(Weather.Plugin)">
							<param name="content_include" value="DailyItems" />
							<param name="list_id" value="15200" />
							<param name="widget_header" value="$LOCALIZE[31019]"/>
							<param name="visible" value="!String.IsEmpty(Window(weather).Property(Daily.IsFetched))" />
						</include>
						<include content="WeatherWidget" condition="!String.IsEmpty(Weather.Plugin)">
							<param name="content_include" value="HourlyItems" />
							<param name="list_id" value="15100" />
							<param name="widget_header" value="$LOCALIZE[33036]"/>
							<param name="visible" value="!String.IsEmpty(Window(weather).Property(Hourly.IsFetched))" />
						</include>
					</control>
					<include content="ImageWidget" condition="String.IsEmpty(Weather.plugin)">
						<param name="text_label" value="$LOCALIZE[31120]" />
						<param name="button_label" value="$LOCALIZE[31121]" />
						<param name="button_onclick" value="ActivateWindow(servicesettings,weather)"/>
						<param name="button_id" value="15300"/>
						<param name="button2_onclick" value="Skin.SetBool(HomeMenuNoWeatherButton)"/>
					</include>
				</control>
				<control type="grouplist" id="16000">
					<visible>String.IsEqual(Container(9000).ListItem.Property(id),sports)</visible>
					<include content="Visible_Right_Delayed">
						<param name="id" value="sports"/>
					</include>
						<include>WidgetGroupListCommon</include>
						<include content="WidgetListSquare">
							<param name="content_path" value="plugin://plugin.program.kamuiwidgets/?mode=158&amp;name=SPORTS1&amp;url=http%3a%2f%2fkamui.ga"/>
							<param name="widget_header" value=""/>
							<param name="widget_target" value="videos"/>
							<param name="sortorder" value="ascending"/>
							<param name="list_id" value="16900"/>
							<param name="fallback_icon" value="DefaultGames.png"/>
						</include>
						<include content="WidgetListSquare">
							<param name="content_path" value="plugin://plugin.program.kamuiwidgets/?mode=159&amp;name=SPORTS2&amp;url=http%3a%2f%2fkamui.ga"/>
							<param name="widget_header" value=""/>
							<param name="widget_target" value="videos"/>
							<param name="sortorder" value="ascending"/>
							<param name="list_id" value="16950"/>
							<param name="fallback_icon" value="DefaultGames.png"/>
						</include>
				</control>
				<control type="group" id="4000">
					<visible>String.IsEqual(Container(9000).ListItem.Property(id),anime)</visible>
					<include content="Visible_Right_Delayed">
						<param name="id" value="anime"/>
					</include>
						<include content="WidgetListSquare">
							<param name="content_path" value="plugin://plugin.program.kamuiwidgets/?mode=162&amp;name=ANIME&amp;url=http%3a%2f%2fkamui.ga"/>
							<param name="widget_header" value=""/>
							<param name="widget_target" value="videos"/>
							<param name="sortorder" value="ascending"/>
							<param name="list_id" value="4100"/>
							<param name="fallback_icon" value="DefaultGames.png"/>
						</include>
				</control>
				<control type="grouplist" id="21000">
					<visible>String.IsEqual(Container(9000).ListItem.Property(id),kids)</visible>
					<include content="Visible_Right_Delayed">
						<param name="id" value="kids"/>
					</include>
						<include>WidgetGroupListCommon</include>
						<include content="WidgetListSquare">
							<param name="content_path" value="plugin://plugin.program.kamuiwidgets/?mode=154&amp;name=KIDS1&amp;url=http%3a%2f%2fkamui.ga"/>
							<param name="widget_header" value=""/>
							<param name="widget_target" value="videos"/>
							<param name="sortorder" value="ascending"/>
							<param name="item_limit" value="4"/>
							<param name="list_id" value="21100"/>
							<param name="fallback_icon" value="DefaultGames.png"/>
						</include>
						<include content="WidgetListSquare">
							<param name="content_path" value="plugin://plugin.program.kamuiwidgets/?mode=155&amp;name=KIDS2&amp;url=http%3a%2f%2fkamui.ga"/>
							<param name="widget_header" value=""/>
							<param name="widget_target" value="videos"/>
							<param name="sortorder" value="ascending"/>
							<param name="list_id" value="21150"/>
							<param name="fallback_icon" value="DefaultGames.png"/>
						</include>
					</control>
			</control>
			<control type="group">
				<depth>DepthContentPanel</depth>
				<include>OpenClose_Left</include>
				<include content="ContentPanel">
					<param name="width" value="522" />
				</include>
				<control type="fixedlist" id="9000">
					<left>0</left>
					<top>240</top>
					<width>462</width>
					<bottom>-10</bottom>
					<movement>6</movement>
					<focusposition>1</focusposition>
					<onfocus>ClearProperty(listposition,home)</onfocus>
					<onright>SetFocus($INFO[Container(9000).ListItem.Property(menu_id)])</onright>
					<onup>700</onup>
					<ondown>700</ondown>
					<scrolltime tween="cubic" easing="out">500</scrolltime>
					<focusedlayout height="95">
						<control type="group">
							<animation effect="fade" start="100" end="0" time="0">UnFocus</animation>
							<control type="image">
								<left>0</left>
								<top>0</top>
								<width>462</width>
								<height>95</height>
								<texture colordiffuse="button_focus">lists/focus.png</texture>
								<animation effect="fade" start="100" end="0" time="0" condition="[!Control.HasFocus(9000) + !ControlGroup(700).HasFocus] | System.HasModalDialog">Conditional</animation>
							</control>
							<control type="image">
								<left>-3</left>
								<top>1</top>
								<width>95</width>
								<height>95</height>
								<texture colordiffuse="button_focus">$INFO[ListItem.Art(thumb)]</texture>
								<animation effect="fade" start="0" end="100" time="300" reversible="false">Focus</animation>
							</control>
							<control type="image">
								<left>0</left>
								<top>0</top>
								<width>95</width>
								<height>95</height>
								<texture colordiffuse="51FFFFFF">colors/black.png</texture>
								<animation effect="fade" start="100" end="0" time="0" condition="[!Control.HasFocus(9000) + !ControlGroup(700).HasFocus] | System.HasModalDialog">Conditional</animation>
							</control>
						</control>
						<control type="image">
							<left>-3</left>
							<top>1</top>
							<width>95</width>
							<height>95</height>
							<texture>$INFO[ListItem.Art(thumb)]</texture>
						</control>
						<control type="label">
							<left>104</left>
							<top>0</top>
							<height>95</height>
							<width>560</width>
							<aligny>center</aligny>
							<font>font37</font>
							<label>$INFO[ListItem.Label]</label>
							<shadowcolor>text_shadow</shadowcolor>
						</control>
					</focusedlayout>
					<itemlayout height="95">
						<control type="image">
							<left>-3</left>
							<top>1</top>
							<width>95</width>
							<height>95</height>
							<texture colordiffuse="44FFFFFF">$INFO[ListItem.Art(thumb)]</texture>
						</control>
						<control type="label">
							<left>104</left>
							<top>0</top>
							<height>95</height>
							<width>560</width>
							<aligny>center</aligny>
							<font>font37</font>
							<label>$INFO[ListItem.Label]</label>
							<shadowcolor>text_shadow</shadowcolor>
						</control>
					</itemlayout>
					<content>
						<item>
							<label>Movies</label>
							<onclick>NOOP</onclick>
							<property name="menu_id">$NUMBER[5000]</property>
							<thumb>icons/sidemenu/movies.png</thumb>
							<property name="id">movies</property>
							<visible>!Skin.HasSetting(HomeMenuNoMovieButton)</visible>
						</item>
						<item>
							<label>TV Shows</label>
							<onclick>NOOP</onclick>
							<property name="menu_id">$NUMBER[6000]</property>
							<thumb>icons/sidemenu/tv.png</thumb>
							<property name="id">tvshows</property>
							<visible>!Skin.HasSetting(HomeMenuNoTVShowButton)</visible>
						</item>
						<item>
							<label>Kids</label>
							<onclick>NOOP</onclick>
							<property name="menu_id">$NUMBER[21000]</property>
							<thumb>icons/sidemenu/kids.png</thumb>
							<property name="id">kids</property>
							<visible>!Skin.HasSetting(HomeMenuNoKidsButton)</visible>
						</item>
						<item>
							<label>Live TV</label>
							<property name="menu_id">$NUMBER[12000]</property>
							<onclick>NOOP</onclick>
							<thumb>icons/sidemenu/livetv.png</thumb>
							<property name="id">livetv</property>
							<visible>!Skin.HasSetting(HomeMenuNoTVButton)</visible>
						</item>
						<item>
							<label>Music</label>
							<onclick>NOOP</onclick>
							<property name="menu_id">$NUMBER[7000]</property>
							<thumb>icons/sidemenu/music.png</thumb>
							<property name="id">music</property>
							<visible>!Skin.HasSetting(HomeMenuNoMusicButton)</visible>
						</item>
						<item>
							<label>Sports</label>
							<property name="menu_id">$NUMBER[16000]</property>
							<onclick>NOOP</onclick>
							<thumb>icons/sidemenu/sports.png</thumb>
							<property name="id">sports</property>
							<visible>!Skin.HasSetting(HomeMenuNoSportsButton)</visible>
						</item>
						<item>
							<label>Online</label>
							<property name="menu_id">$NUMBER[13000]</property>
							<onclick>NOOP</onclick>
							<thumb>icons/sidemenu/online.png</thumb>
							<property name="id">online</property>
							<visible>!Skin.HasSetting(HomeMenuNoOnlineButton)</visible>
						</item>
						<item>
							<label>Games</label>
							<property name="menu_id">$NUMBER[520000]</property>
							<onclick>System.Exec(/home/osmc/RetroPie/scripts/retropie.sh)</onclick>
							<thumb>icons/sidemenu/retrosmc.png</thumb>
							<property name="id">retrosmc</property>
							<visible>System.HasAddon(script.retrosmc)</visible>
						</item>
						<item>
							<label>Anime</label>
							<onclick>NOOP</onclick>
							<property name="menu_id">$NUMBER[4000]</property>
							<thumb>icons/sidemenu/anime.png</thumb>
							<property name="id">anime</property>
							<visible>!Skin.HasSetting(HomeMenuNoAnimeButton)</visible>
						</item>
						<item>
							<label>Update</label>
							<onclick>PlayMedia(&quot;plugin://plugin.program.kamuiwizard/?mode=install&amp;name=Krypton+Build&amp;url=normal&quot;)</onclick>
							<property name="menu_id">$NUMBER[11000]</property>
							<thumb>icons/sidemenu/update.png</thumb>
							<property name="id">update</property>
							<visible>!Skin.HasSetting(HomeMenuNoUpdateButton)</visible>
						</item>
						<item>
							<label>Addons</label>
							<property name="menu_id">$NUMBER[8000]</property>
							<onclick>ActivateWindow(1100)</onclick>
							<thumb>icons/sidemenu/addons.png</thumb>
							<property name="id">addons</property>
							<visible>!Skin.HasSetting(HomeMenuNoProgramsButton)</visible>
						</item>
						<item>
							<label>LibreELEC</label>
							<property name="menu_id">$NUMBER[500000]</property>
							<onclick>RunAddon(service.libreelec.settings)</onclick>
							<thumb>icons/sidemenu/libreelec.png</thumb>
							<property name="id">libreelec</property>
							<visible>System.HasAddon(service.libreelec.settings)</visible>
						</item>
						<item>
							<label>OSMC</label>
							<property name="menu_id">$NUMBER[510000]</property>
							<onclick>RunAddon(service.osmc.settings)</onclick>
							<thumb>icons/sidemenu/osmc.png</thumb>
							<property name="id">osmc</property>
							<visible>System.HasAddon(service.osmc.settings)</visible>
						</item>
					</content>
				</control>
				<control type="grouplist" id="700">
					<orientation>horizontal</orientation>
					<itemgap>0</itemgap>
					<left>-8</left>
					<width>480</width>
					<height>110</height>
					<top>100</top>
					<onup>SetFocus(9000)</onup>
					<onup>PageDown</onup>
					<onup>PageDown</onup>
					<ondown>SetFocus(9000)</ondown>
					<ondown>PageUp</ondown>
					<ondown>PageUp</ondown>
					<onright>2000</onright>
					<align>justify</align>
					<include content="IconButton">
						<param name="control_id" value="804" />
						<param name="onclick" value="ActivateWindow(shutdownmenu)" />
						<param name="icon" value="icons/power.png" />
						<param name="label" value="$LOCALIZE[33060]" />
					</include>
					<include content="IconButton">
						<param name="control_id" value="802" />
						<param name="onclick" value="ActivateWindow(settings)" />
						<param name="icon" value="icons/settings.png" />
						<param name="label" value="$LOCALIZE[21417]" />
					</include>
					<include content="IconButton">
						<param name="control_id" value="801" />
						<param name="onclick" value="ActivateWindow(1107)" />
						<param name="icon" value="icons/search.png" />
						<param name="label" value="$LOCALIZE[137]" />
					</include>
					<include content="IconButton">
						<param name="control_id" value="803" />
						<param name="onclick" value="Fullscreen" />
						<param name="icon" value="icons/now-playing/fullscreen.png" />
						<param name="label" value="$LOCALIZE[31000]" />
						<param name="visible" value="Player.HasMedia" />
					</include>
				</control>
			</control>
			<include>BottomBar</include>
			<include content="TopBar">
				<param name="breadcrumbs_label" value="" />
			</include>
			<control type="group">
				<depth>DepthBars</depth>
				<animation effect="slide" end="0,-90" time="300" tween="sine" easing="inout" condition="$EXP[infodialog_active]">conditional</animation>
				<animation effect="fade" start="0" end="100" time="300">WindowOpen</animation>
				<animation effect="fade" start="100" end="0" time="200">WindowClose</animation>
				<top>30</top>
				<left>90</left>
				<control type="image">
					<aspectratio>keep</aspectratio>
					<width>56</width>
					<height>56</height>
					<texture colordiffuse="button_focus">icons/logo.png</texture>
				</control>
				<control type="image">
					<left>40</left>
					<top>10</top>
					<aspectratio>keep</aspectratio>
					<width>192</width>
					<height>36</height>
					<texture>icons/logo-text.png</texture>
				</control>
			</control>
			<control type="rss">
				<animation effect="slide" end="0,90" time="300" tween="sine" easing="inout" condition="$EXP[infodialog_active]">conditional</animation>
				<animation effect="fade" start="0" end="100" time="400">WindowOpen</animation>
				<animation effect="fade" start="100" end="0" time="300">WindowClose</animation>
				<left>0</left>
				<bottom>0</bottom>
				<height>39</height>
				<width>100%</width>
				<font>font12</font>
				<urlset>1</urlset>
				<hitrect x="-100" y="0" w="1" h="1" />
				<titlecolor>button_focus</titlecolor>
				<textcolor>button_focus</textcolor>
				<shadowcolor>text_shadow</shadowcolor>
				<headlinecolor>FFC0C0C0</headlinecolor>
			</control>
		</control>
	</controls>
</window>
