<addon id="plugin.program.kamuiwizard" name="Kamui Wizard" version="2.1.1" provider-name="Obito">
<requires>
    <import addon="xbmc.python" version="2.1.0"/>
  </requires>
  <extension point="xbmc.python.pluginsource" library="default.py">
    <provides>executable</provides>
  </extension>
  <extension point="xbmc.service" library="startup.py" start="startup" />
  <extension point="xbmc.addon.metadata">
    <summary lang="en">Kamui Wizard</summary>
    <description lang="en">Kamui Wizard will allow you to Kodi/Install Build/Install Apkz And More</description>
    <platform>all</platform>
  </extension>
</addon>