<?xml version="1.0" encoding="UTF-8" standalone="yes"?>
<addon id="repository.kamui" name="[COLOR red]Kamui[/COLOR][COLOR white] Repo[/COLOR]" version="1.0.6" provider-name="Obito">
    <extension point="xbmc.addon.repository" name="Kamui Repository">
	<dir>
        <info compressed="false">https://raw.githubusercontent.com/ObitoKodi/kamuirepo/master/addons.xml</info>
        <checksum>https://raw.githubusercontent.com/ObitoKodi/kamuirepo/master/addons.xml.md5</checksum>
        <datadir zip="true">https://github.com/ObitoKodi/kamuirepo/raw/master/</datadir>
        <hashes>false</hashes>
    </dir>
	<dir minversion="16.9.0">
        <info compressed="false">https://raw.githubusercontent.com/ObitoKodi/kamuirepo/krypton/addons.xml</info>
        <checksum>https://raw.githubusercontent.com/ObitoKodi/kamuirepo/krypton/addons.xml.md5</checksum>
        <datadir zip="true">https://github.com/ObitoKodi/kamuirepo/raw/krypton/</datadir>
        <hashes>false</hashes>
    </dir>
	<dir minversion="17.9.0">
        <info compressed="false">https://raw.githubusercontent.com/ObitoKodi/kamuirepo/leia/addons.xml</info>
        <checksum>https://raw.githubusercontent.com/ObitoKodi/kamuirepo/master/addons.xml.md5</checksum>
        <datadir zip="true">https://github.com/ObitoKodi/kamuirepo/raw/leia/</datadir>
        <hashes>false</hashes>
    </dir>
    <dir>
		<info compressed="false">https://raw.githubusercontent.com/jsergio123/zips/master/addons.xml</info>
		<checksum>https://raw.githubusercontent.com/jsergio123/zips/master/addons.xml.md5</checksum>
		<datadir zip="true">https://raw.githubusercontent.com/jsergio123/zips/master/</datadir>
	</dir>
    <dir>
        <info compressed="false">https://raw.githubusercontent.com/a4k-openproject/repository.openscrapers/master/zips/addons.xml</info>
        <checksum>https://raw.githubusercontent.com/a4k-openproject/repository.openscrapers/master/zips/addons.xml.md5</checksum>
        <datadir zip="true">https://raw.githubusercontent.com/a4k-openproject/repository.openscrapers/master/zips/</datadir>
    </dir>
	<dir>
	    <info compressed="false">http://supremacy.org.uk/zip/plugin/addon.xml</info>
		<checksum>http://supremacy.org.uk/zip/plugin/addons.xml.md5</checksum>
		<datadir zip="true">http://supremacy.org.uk/zip/plugin/</datadir>
	</dir>	
    </extension>
    <extension point="xbmc.addon.metadata">
        <summary>http://kamui.online/ This is Hell</summary>
        <description>Kamui Pack Repo</description>
        <platform>all</platform>
    </extension>
</addon>
