﻿<?xml version="1.0" encoding="UTF-8" standalone="yes"?>
<addon id="script.retrosmc" name="RetrOSMC" version="0.0.2" provider-name="mcobit">
    <requires>
        <import addon="xbmc.python" version="2.1.0"/>
    </requires>
    <extension point="xbmc.python.script" library="retrosmc.py">
        <provides>executable</provides>
    </extension>
    <extension point="xbmc.addon.metadata">
        <language/>
        <platform>linux</platform>
        <disclaimer>For Kodi linux (tested on OSMC final)</disclaimer>
        <summary lang="en">Launch RetroPie from Kodi.</summary>
        <description lang="en">Launch RetroPie from Kodi.</description>
        <website>https://github.com/mcobit/retrosmc/</website>
        <email></email>
    </extension>
</addon>
